Website,scrapped_data
tervis.com,"{""seo_description"": ""Tervis tumblers, water bottles & more. Thousands of designs. Customize with your photos, or add a name or monogram. Made in America since 1946 & backed by a lifetime guarantee."", ""about"": ""Not found"", ""news"": ""Not found"", ""content"": ""Reusable Insulated Stainless Steel Tumblers and Water Bottles | Tervis Your browser is not supported. \u00d7 Please use one of the browsers below to view our page. Chrome Edge Firefox Safari Remove Product? \u00d7 Are you sure you want to remove the following product from the cart? Cancel Yes 20% Off Sitewide sign up to save Up to 50% Off Select Items see details Free Shipping on $50+ see details Up to 50% Off Select Items \u00d7 Enjoy up to 50% off select 20oz Stainless Steel Tumblers, 30oz Stainless Steel Tumblers, 12oz Stainless Stemless Wine Tumblers, 17oz Slim Bottles and 25oz Slim Carafes on Tervis.com for a limited time and while supplies last. May not be applied to previous purchases or combinable with some offers or discounts. Not valid on wholesale or corporate orders. Subject to change without notice. Close Shop Now \u00d7 Login Menu Menu Enter Keyword or Item No. 0 You Might Also Enjoy Shop Gift Cards Back Close Menu \u00d7 Holiday Drinkware Classic Insulated Classic Insulated Tumblers Classic Insulated Water Bottles Classic Insulated 12oz Tumblers Classic Insulated Mugs Stainless Steel Tervis Traveler\u2122 Stainless Steel Tumblers Stainless Steel Wide Mouth Bottles Straw Tumblers Accessories Lids Handles Reusable Straws Collections New Arrivals Bestsellers Tervis Exclusives Clear & Colorful Purchase With a Purpose Kids Patterns & Florals Sun & Surf Artist Series Brands Disney Star Wars\u2122 Harry Potter\u2122 Marvel Peanuts\u2122 DC Comics Guy Harvey\u00ae Margaritaville\u00ae Sports Fans NFL\u00ae MLB\u00ae NBA\u00ae NHL\u00ae Collegiate Recreational Sports Customize Customize From Scratch Customize Classic Insulated Customize Stainless Steel Personalize & Engrave Customize From Templates Bundle & Save Sale Holiday Drinkware Classic Insulated Classic Insulated Tumblers Classic Insulated Water Bottles Classic Insulated 12oz Tumblers Classic Insulated Mugs Stainless Steel Tervis Traveler\u2122 Stainless Steel Tumblers Stainless Steel Wide Mouth Bottles Straw Tumblers Accessories Lids Handles Reusable Straws Venture\u2122 Lite Water Bottle Shop Now Shop Classic Classic Tumblers Shop Stainless Stainless Tumblers Shop Water Bottles Water Bottles Shop Wide Mouth Bottles Wide Mouth Bottles Shop Mugs Mugs Shop Straw Tumblers Straw Tumblers Shop 12oz Classic 12oz Classic Shop Accessories Accessories Collections New Arrivals Bestsellers Tervis Exclusives Clear & Colorful Purchase With a Purpose Kids Patterns & Florals Sun & Surf Artist Series New! Artist Series Shop Now ShopNew Arrivals New Arrivals ShopKids Kids ShopBestsellers Bestsellers ShopPatterns & Florals Patterns & Florals ShopExclusives Tervis Exclusives ShopOutdoors Outdoors ShopClear & Colorful Clear & Colorful ShopFall Fall Brands Disney Star Wars\u2122 Harry Potter\u2122 Marvel Peanuts\u2122 DC Comics Guy Harvey\u00ae Margaritaville\u00ae All Brands Disney Shop Now Shop Harry Potter\u2122 Harry Potter\u2122 Shop Peanuts\u2122 Peanuts\u2122 Shop Star Wars\u2122 Star Wars\u2122 Shop Guy Harvey\u00ae Guy Harvey\u00ae Shop Marvel Marvel Shop Margaritaville\u00ae Margaritaville\u00ae Shop DC DC Shop All Brands Shop All Brands Sports Fans NFL\u00ae MLB\u00ae NBA\u00ae NHL\u00ae Collegiate Recreational Sports Collegiate Designs Shop Now Shop NFL\u00ae NFL\u00ae Shop MLS\u00ae MLS\u00ae Shop MLB\u00ae MLB\u00ae Shop Collegiate Collegiate Shop NBA\u00ae NBA\u00ae Shop Recreational Sports Recreational Sports Shop NHL\u00ae NHL\u00ae Customize Customize From Scratch Customize Classic Insulated Customize Stainless Steel Personalize & Engrave Customize From Templates Customize Start Now Start with a Template Personalize & Engrave Start from Scratch My Saved Projects Bundle & Save Sale Login Subscriber-Only 20% off Friends & Family Sale Through 11/5 Offer Details Enter Keyword or Item No. Subscriber-Only 20% off Friends & Family Sale Through 11/5 Offer Details cheers to Exclusive Savings Shop the Gift Guide Classic Stainless On-the-Go Custom Personalize Bundles Crystal Embroidery Brands New! Collections Nightmare Before Christmas Holiday crossover classic collection. Shop Now Shop Now Nightmare Before Christmas Holiday crossover classic collection. Nightmare Before ChristmasJack Nightmare Before ChristmasOogie Boogie Rising Nightmare Before Christmas Nightmare Before ChristmasSally Swirls All Hallows Eve Collection Boo-tiful and dependable. Shop Now Shop Now All Hallows Eve Collection Boo-tiful and dependable. Witch's Brew Super Sugar Skull Skullicious Witch's Brew Pet Love Furry friends forever. Shop Now Shop Now Pet Love Furry friends forever. Pack Love Pup Face Kitty Face Pounce Love Artist Series From canvas to Tervis. Shop Now Shop Now Artist Series From canvas to Tervis. Kelly VenturaTeal Botanical Sara BerrensonFloral Abstraction Kelly VenturaMeadow Kelly VenturaProtea Perfect for Fall Seasonal Favorites Shop Now Mug It Up Shop Now Name It Engrave Now Brands They\u2019ll Love Shop Disney Shop Star Wars\u00ae Shop Marvel\u00ae Shop Harry Potter\u2122 Shop DC Comics Shop Peanuts\u2122 Shop Guy Harvey\u00ae Shop Margaritaville\u00ae Shop Collegiate Shop NFL\u00ae Shop MLB\u00ae Shop NBA\u00ae Shop NHL\u00ae Shop MLS\u00ae Premium Insulated Tumblers, Water Bottles and Mugs The Original Tumbler Count on a Classic A tumbler so inspiring it started an industry! Shop Classic Stainless Steel Appeal Copper-lined, triple-insulated stainless steel. Shop Stainless Since 1946 Quality-made. Legacy-inspired. Timeless. Learn More #takeyourtervis Sign Up \u00d7 Close Free Shipping On Qualifying Purchases 30 Day Returns On Web Purchases Shop now. Pay later with Klarna. Get Your Fill. Be the first to hear about new products, updates and offers. Free Shipping on Orders $50+ \u00d7 Receive free shipping on purchases of $50 or more. Free shipping option will be presented during checkout, no code needed. Cannot be applied towards previous purchases. Valid within the continental United States only. Not valid on wholesale or corporate orders. Subject to change without notice. Close Shop Drinkware Collections Brands Sports Fans Customize Bundle & Save Stores Tervis Stores Retailers Gift Cards Shop Gift Cards Check Balance Get Help Contact Us Guarantee & Returns Use & Care Shipping Guide FAQ Current Offers Unsubscribe Klarna Account My Account Saved Projects Order Status Register Drinkware About About Tervis Sustainability Careers Partnership Wholesale Corporate Affiliate Become an Ambassador 20% Off Sitewide Friends & Family Sale \u00d7 Enjoy 20% off regularly priced items on tervis.com with your unique code. Offer valid 11/3/23-11/5/23 while supplies last. This offer may not be applied to previous purchases and is not available on wholesale or corporate orders. Excludes accessories, gift cards, third party products, already discounted sets of 2 or more, and Callie Danielle designs. May not be combined with other offers. Subject to change without notice. Close Shop Now $1 Straw Lid with any Drinkware Purchase \u00d7 Enjoy a tumbler Straw Lid for only $1 ($3.99 value) with purchase of any drinkware items on Tervis.com for a limited time and while supplies last. This offer may not be applied to previous purchases and is not available on wholesale or corporate orders. May not be combined with other offers. Subject to change without notice. Close Shop Now Save 15% with ID.me \u00d7 First Responders, Military, Government employees, Teachers and Students save 15% on regularly priced drinkware products and accessories (before taxes and shipping) when you verify your ID.me account at checkout. Applies to Tervis drinkware products and accessories on Tervis.com and in Tervis stores (when you show your affiliation ID). Excludes gift cards, already discounted merchandise, third party branded products and Callie Danielle designs. This offer may not be applied to previous purchases or combined with any other offers or discounts. Not valid on wholesale or corporate orders. Subject to change without notice. Close Free Shipping on Orders $50+ \u00d7 Receive free shipping on purchases of $50 or more (before taxes and after discounts). Free shipping option will be presented during checkout, no code needed. Cannot be applied towards previous purchases. Valid within the continental United States only. Not valid on wholesale or corporate orders. Subject to change without notice. Close Shop Now #takeyourtervis \u00a9 2022 Tervis Tumbler Company. All rights reserved. Privacy | Terms of Use | Patents | Accessibility""}"
miir.com,"{""seo_description"": ""We exist to empower people for a better future. Every MiiR product sold helps fund transparent giving projects."", ""about"": ""Not found"", ""news"": ""Not found"", ""content"": ""MiiR | Design forward. Generosity driven. Your Cart Your cart is empty Continue shopping Have an account? Log in to check out faster. Loading... Subtotal $0.00 *Tax, shipping options and some discounts calculated at checkout. If your order contains a free gift, apply your discount code by clicking the gift box and following prompts. Update View Cart Proceed to checkout Add a gift message (free): Free personalization with code HAPPYHOLIDAYS + free US ground shipping on orders over $75 Close Skip to content Shop MiiR for Business Inside MiiR Impact Shop MiiR for Business Inside MiiR Impact \u2039 Back Search the store Account Support \u2039 Back Shop Drinkware Kitchenware Accessories Personalize Final Few Featured Holiday Gift Guide All Day Straw Cup \u2039 Back \u2039 Back Drinkware Coffee Hydration Beer Wine Spirits Climate+ Shop All \u2039 Back \u2039 Back Coffee Camp Cup Grounded Camp Cup New Tumbler 360 Traveler Flip Traveler Climate+ Tomo TruEnamel\u2122 Howler Shop All \u2039 Back \u2039 Back Hydration All Day Straw Cup New Wide Mouth Narrow Mouth Single Wall Kids Bottle Climate+ Straw Bottle New Chug Bottle New Straw Tumbler New Bottles Shop All \u2039 Back \u2039 Back Beer Growler Howler Can Chiller Growler Boot Pint Cup Tall Boy Shop All \u2039 Back \u2039 Back Wine Bottle Tumbler Wine Set Shop All \u2039 Back \u2039 Back Spirits Aero Flask New Shaker Set Barware Tool Set Shaker Lid Shop All \u2039 Back \u2039 Back Climate+ Tumbler Wide Mouth Shop All \u2039 Back \u2039 Back Kitchenware Moka Pot New Carafe New French Press New Digital Scale New Milk Pitcher New Pour-over Kettle Coffee Scoop Cold Brew Coffee Canister Food Canister Cleaning Brushes Pourigami Utensil Set New Shop All \u2039 Back \u2039 Back Accessories Lids Silicone Boots Filters Dog Bowl Gift Cards Apparel - Coming Soon Shop All \u2039 Back \u2039 Back Lids 360 Lid Straw Lid Chug Lid Press-fit Straw Lid Flip Traveler Lid Press-fit Lid Wide Mouth Lid Narrow Mouth Lid 750ml Lid Growler Lid Howler Lid Cocktail Shaker Lid Shop All \u2039 Back \u2039 Back Silicone Boots Silicone Boot Growler Boot Shop All \u2039 Back \u2039 Back Filters Coffee Filters Carafe Coffee Filters New Cold Brew Filter Shop All \u2039 Back \u2039 Back Inside MiiR About Us Community Resources Artist and Partner Stories \u2039 Back \u2039 Back About Us Our Mission Founder's Story Responsibility \u2039 Back \u2039 Back Community Store Locator MiiR Pro Program \u2039 Back \u2039 Back Resources Blog Careers Help Desk \u2039 Back \u2039 Back Impact Responsibility Generosity 2022 Impact Report \u2039 Back \u2039 Back Responsibility Our Commitments Product & Packaging Manufacturing & Distribution Certifications & Memberships Supply Chain Re:Claimed \u2039 Back \u2039 Back Generosity Register your Give Code How We Give For our Non-profit Partners \u2039 Back Search Log in My Account Login / Register Support Support FAQs Shipping Information Returns Live Chat 1-855-217-5603 Monday-Friday 9am - 5pm MST Cart This season, cheers from MiiR to everyone at every table.Everyone. Every table. The holidays are about sharing time with those who mean the most to us. From new connections to lifelong friends, we believe in creating space for everyone in your community.And we want to help everyone feel welcome. Explore our Holiday Gift Guide and find a range of products for all the unique and special people in your life.Shop Our Gift Guide Give all your holiday gifts a personal touchFree personalized etching is available on all eligible products from 11/1-11/10.Put your personal touch on everything from the Aero Flask to Wide Mouth Bottles to Camp Cups and Tumblers. Use code HAPPYHOLIDAYS at checkout to claim your free etching.Shop NowThis round\u2019s on usThe holidays are all about giving and gifting. That\u2019s why for a limited time we\u2019re giving away a Wine Tumbler in White with every purchase of $100 or more.For every $150 spent, you\u2019ll receive 2 Wine Tumblers in White and up to 4 when you spend $200. So go ahead, stock up the bar \u2014 we\u2019ll provide the drinkware.Shop Now New Products Coffee Collection Gift Guide All Day Straw Cup Designed for staying hydrated throughout all the experiences of your day \u2013 from your counter to the cupholder, from your yoga class to your desk \u2013 the All Day Straw Cup is your all day hydration companion. All Day Straw Cup Designed for staying hydrated throughout all the experiences of your day \u2013 from your counter to the cupholder, from your yoga class to your desk \u2013 the All Day Straw Cup is your all day hydration companion. Shop Now Grounded Camp Cup Our Camp Cup reimagined, with a stout desktop profile, drawing from classic styling with a modern twist. Stable and balanced, made for cozy moments at home. Grounded Camp Cup Our Camp Cup reimagined, with a stout desktop profile, drawing from classic styling with a modern twist. Stable and balanced, made for cozy moments at home. Shop Now Essential Utensil Set Dine on the go responsibly and in style with MiiR\u2019s Essential Utensil Set. Each set includes full-sized, 18/8 stainless steel silverware that nest neatly together in a sleek storage case. Essential Utensil Set Dine on the go responsibly and in style with MiiR\u2019s Essential Utensil Set. Each set includes full-sized, 18/8 stainless steel silverware that nest neatly together in a sleek storage case. Shop Now New Standard Carafe New Standard Carafe Shatterproof stainless means no more drops and cracks that require you to replace your carafe. And with a sealable top, it\u2019ll keep your coffee hot longer. New Standard Carafe Shatterproof stainless means no more drops and cracks that require you to replace your carafe. And with a sealable top, it\u2019ll keep your coffee hot longer. Shop Now New Standard French Press Our award-winning New Standard French Press features an easy-to-remove grounds basket that makes over-brewed coffee and messy clean-up a thing of the past. New Standard French Press Our award-winning New Standard French Press features an easy-to-remove grounds basket that makes over-brewed coffee and messy clean-up a thing of the past. Shop Now New Standard Moka Pot New Standard Moka Pot Swapping aluminum for stainless steel helps prevent corrosion and ensure durability. 90 years of heritage, meet the next 90 years of espresso. New Standard Moka Pot Swapping aluminum for stainless steel helps prevent corrosion and ensure durability. 90 years of heritage, meet the next 90 years of espresso. Shop Now The Perpetual Road Tripper Whether it\u2019s carpooling to and from school or letting the open road take you, everyone could use some on-the-go accessories. From staying caffeinated to well-hydrated, keep the \u201care we there yets\u201d at bay. The Perpetual Road Tripper Whether it\u2019s carpooling to and from school or letting the open road take you, everyone could use some on-the-go accessories. From staying caffeinated to well-hydrated, keep the \u201care we there yets\u201d at bay. Shop Now The Coffee Connoisseur Whether cozying up with Camp Cups or upgrading your home brew system with our innovative New Standard Collection, our coffee products elevate your daily routine and morning ritual. The Coffee Connoisseur Whether cozying up with Camp Cups or upgrading your home brew system with our innovative New Standard Collection, our coffee products elevate your daily routine and morning ritual. Shop Now The Tastemaker We all know that person who embodies class, curiosity, and adventure: they have a tastefully-decorated home, impeccable wardrobe, and stories to fill entire evenings. The Tastemaker We all know that person who embodies class, curiosity, and adventure: they have a tastefully-decorated home, impeccable wardrobe, and stories to fill entire evenings. Shop Now The build quality is as robust as an F-150, and the powder coating has been almost bombproof so far. If I dropped it off a rock wall while climbing, I wouldn't worry about its survival for a second. WIRED Featured Program Recycle Responsibly with Re:Claimed\u2122 Takeback Our stainless steel products are designed to last a lifetime. Sometimes, though, life happens. Whether your MiiR is dented and dinged or your style has changed, recycle responsibly with us and earn a $20 online store credit with Re:Claimed Takeback. Learn More Featured Products Not just better coffee. A New Standard. MiiR\u2019s New Standard collection is a love letter to coffee. A reimagination of how brewing coffee should be. Placing an emphasis on design, responsibility, durability, and of course the best possible cup of coffee, no matter how you like it. Learn More NEWWe\u2019re proud to showcase the incredible collaborations and connections we have formed with other who share our passion for making a positive impact in the world.Explore the Stories Design Design forward Product Personalization Free Personalization with code: HAPPYHOLIDAYSAdd your own spin to your favorite products with our etching feature. Only available on some colors & sizes. Get started today! Shop Now Customizing For Business Our platform makes it easy for you to create beautiful drinkware that showcases your brand, promotes a healthy environment, and makes a lasting impression. Shop Now forward Generosity Generosity driven 2022 Impact Report At MiiR, impact and responsibility are actions woven into every fiber of our business. $4.1M GRANTED 36,738 UNITS DONATED Read the Report driven MiiR is committed to giving more and taking less.This means prioritizing business practices and strategies that preserve the long-term viability of people and planet. Climate Neutral B Corp 1% For The Planet Evergreen Climate Neutral Certified MiiR is a Climate Neutral Certified brand, which means that annually, we\u2019ve committed to measuring and offsetting 100% of our carbon footprint while working to reduce emissions across the supply chain. From manufacturing to distribution, our products are climate neutral.To become certified, we follow a guided, 3-step process for measuring, offsetting, and reducing our carbon footprint, developed around peer-reviewed standards. Learn More Certified B Corporation Certified B Corporations are businesses that meet the highest standards of verified social and environmental performance, public transparency, and legal accountability to balance profit and purpose. In 2021 MiiR was awarded a score of 103.3/200, scoring highest in the \u201cCommunity\u201d section.In 2021, MiiR joined 1,100+ B Corps in making a Net Zero by 2030 commitment with the goal of achieving a state in which the activities within our value chain result in no net impact on the climate from greenhouse gas emissions. Learn More 1% for the Planet 1% for the Planet is a global network of businesses, nonprofits, and individuals working together for a healthy planet. While we give more than 1% of revenue to community-led environmental organizations, by joining this dedicated and passionate network we are able to build community and demonstrate our giving. Learn More Certified Evergreen Evergreen\u00ae businesses are led by Purpose-driven leaders with the grit and resourcefulness to build and scale private, profitable, enduring, and market-leading businesses that make a dent in the universe.To become Certified Evergreen\u00ae, MiiR went through an extensive, rigorous assessment with the intention of continual improvement and enduring excellence around values, practices, and people. Learn More Become a MiiR Insider Join our newsletter for the latest on our giving projects, insider news, & first access to our latest products. Disclaimer: Personalized products strictly prohibits the use of profanity and other offensive language or explicit content. If any words or artwork go against this disclaimer, the order will not be processed and a refund will be executed. Design Forward Every MiiR product is designed in-house and emphasizes four design principles: minimal, sustainable, functional, and enduring. Climate Neutral Certified 1% for the Planet Certified B Corporation Certified Evergreen Generosity Driven Every MiiR product sold helps fund transparent giving projects at the intersection of communities and the environment. 2022 Impact Report Give Code\u2122 Follow along and learn more about MiiR's positive impact on people and our planet. Register a Give Code Store Support Returns & Exchanges Shipping FAQ's Contact Us Help Desk Store Locator MiiR For Business About MiiR Our Mission Careers Press Blog Founder's Story Podcast Affiliates Have a Question? 1-855-217-5603 or Live ChatMonday-Thursday 9am - 5pm MSTFriday 9am - 1pm MSThello@miir.comWe aim to respond within 24 hrs image/svg+xml Facebook Twitter image/svg+xml LinkedIn Instagram YouTube Accessibility Privacy policy Terms of Use Health Plan Transparency in Coverage Patents \u00a9 2023 MiiR.com All Rights Reserved Choosing a selection results in a full page refresh. Choosing a selection results in partial page refresh.""}"
ember.com,"{""seo_description"": ""With the Ember\u00ae temperature control mug, you can enjoy your coffee or tea at the perfect temperature all the time. Click to buy now!"", ""about"": ""Not found"", ""news"": ""Not found"", ""content"": ""Ember\u00ae: The World\u2019s First Temperature Control Mug\u00ae skip to main content Free Shipping w/ Ember Mug Order (US only) Free Shipping w/ Ember Mug Order (US only) Free Shipping w/ Ember Mug Order (US only) Opens Main Navigation Menu My Account Continue Shopping Your Cart is Empty Drinkware Ember Travel Mug 2 12 oz \u2022 3 hr battery Ember Tumbler 16 oz \u2022 3 hr battery Ember Mug 2 10-14 oz \u2022 80 min battery Ember Cup 6 oz \u2022 90 min battery Shop All Accessories Bundles (RED) Collection Wedding Collection Ember Brews Gift Cards Corporate Gifting Ember Brews | Curated Coffee & Tea Baby Ember Baby Bottle System Shop All Baby Accessories Gift Cards Introducing Ember Baby Discover Our Technology Our Design Ember Cold Chain Technology Our Story Blog | Degrees\u00b0 of Ember Where To Buy Corporate Support My Account Free Shipping w/ Ember Mug Order (US only) Corporate Support Drinkware Ember Brews | Curated Coffee & Tea Ember Travel Mug 2 12 oz \u2022 3 hr battery Ember Tumbler 16 oz \u2022 3 hr battery Ember Mug 2 10-14 oz \u2022 80 min battery Ember Cup 6 oz \u2022 90 min battery Shop All Accessories Bundles (RED) Collection Wedding Collection Ember Brews Gift Cards Corporate Gifting Baby Introducing Ember Baby Ember Baby Bottle System Shop All Baby Accessories Gift Cards Discover Our Technology Our Design Ember Cold Chain Technology Our Story Blog | Degrees\u00b0 of Ember Where To Buy Refresh your morning routine Introducing Ember Mug 2, 14 oz in Sandstone and Sage Green. Shop Now Introducing Ember Tumbler Our biggest mug yet has arrived - 16 oz with up to 3 hours of perfect temperature Shop Tumbler Ember Brews Discover curated coffee and tea from Ember Shop Coffee & Tea Baby Bottle System Introducing the world\u2019s first self-warming baby bottle system Explore Baby Shop Now Refresh your morning routine Introducing Ember Mug 2, 14 oz in Sandstone and Sage Green. Shop Now Introducing Ember Tumbler Our biggest mug yet has arrived - 16 oz with up to 3 hours of perfect temperature Shop Tumbler Ember Brews Discover curated coffee and tea from Ember Shop Coffee & Tea Baby Bottle System Introducing the world\u2019s first self-warming baby bottle system Explore Baby Shop Now The perfect temperature, every time. Ember\u2019s patented technology allows you to experience precision temperature control in your everyday life, with the vision to transform how the world eats, drinks, and lives, empowering you to experience your world without limits. Drinkware Baby Stay up to date on all things Ember Be the first to hear the latest updates and more Precision technology Ember\u2019s patented sensors detect temperature and liquid level while convection currents circulate the liquid to ensure precise, even heating throughout. Long lasting battery Enjoy Ember\u2019s extended battery life, so you can experience your perfect temperature or formula at precisely body temperature even while on-the-go. Control with smartphone Pair seamlessly with our apps to control the Ember Mug or Baby Bottle\u2014whether it\u2019s tracking feedings or setting your coffee\u2019s temperature to exactly 137\u00b0. \""Ember isn\u2019t about adding extras. It\u2019s about using design to meet your expectations.\"" \u201c...its changed our relationship with our favorite morning beverage. And we\u2019re not turning back.\u201d \""A vital addition to any home office \u2014 set your ideal temperature from your phone, and never sip cold coffee again.\"" \u201cIt\u2019s a godsend.\u201d \u201cI fell in love with the Ember smart mug, and you could, too.\u201d \u201cGoldilocks would have appreciated this mug.\u201d Beautifully designed Featuring award-winning design, Ember is thoughtfully crafted using premium materials for a modern, sleek look. Our Design Smarter than your thermos Patented technology. Bluetooth connection. Precision at your fingertips. Our Technology Breakthrough innovations After ten years of design, development, and testing, we\u2019re happy to introduce our baby to yours. Ember Baby Degrees\u00b0 of Ember Coffee 101 Ember Brews Mastering the Art of Pour-Over There's something undeniably magical about a well-brewed pour-over coffee. Craft your own with our latest coffee addition, Coava's S.O. Blend. Read More > Ember Brews Recipes Spiced Matcha Superlatte Indulge in the warmth and depth of flavor with our Spiced Matcha Latte, featuring the exceptional health benefits of Clevr Matcha SuperLatte. Read More > Ember Brews Recipes Vanilla Pumpkin Spice Latte | Onyx Coffee Lab x Proper Syrup As the days grow shorter and the air turns crisp, there's nothing quite like the comforting embrace of a warm, fragrant beverage to usher in the fall season. Read More > +Shop Ember Shop Drinkware Shop Baby Gift Cards Where To Buy Corporate Gifting +Discover Our Technology Our Design Our Story Blog | Degrees\u00b0 of Ember Reviews +Resources Support Center Shipping & Delivery Returns & Warranty Careers Student Discount SIGN UP FOR OUR EMAILS Follow us on social: \u00a9 2023 Ember Technologies, Inc. All Rights Reserved. My Privacy Choices Privacy Policy CA Privacy Policy Accessibility Disclaimer""}"
5sun.com,"{""seo_description"": ""Not found"", ""about"": ""Not found"", ""news"": ""Not found"", ""content"": ""Not found""}"
cleanbottle.com,"{""seo_description"": ""Explore our premium insulated water bottle. Sustainable, leak-proof, and designed for your active lifestyle. Shop reusable water bottle now for a greener tomorrow!"", ""about"": ""Not found"", ""news"": ""Not found"", ""content"": ""Insulated Water Bottle | Reusable Water Bottle \u2013 The Clean Hydration Company Skip to content Get 15% Off! Coupon Code: BCK2SCHL Menu Cart Cart Get 15% Off! Coupon Code: BCK2SCHL Menu Cart Cart Home Products Canteen 17 Sport 23 Sport 20 Mug 12 Tumbler 20 The Square The Infuser Square Bundles Accessories Replacement Items Custom Bottles About Us Our Story Cleaner World Campaign The Blog Contact Us FAQs Wholesale Enquiry Search Right Log in | Register Twitter Facebook Instagram Currency USD $ AED \u062f.\u0625 AFN \u060b ALL L AMD \u0564\u0580. ANG \u0192 AUD $ AWG \u0192 AZN \u20bc BAM \u041a\u041c BBD $ BDT \u09f3 BGN \u043b\u0432. BIF Fr BND $ BOB Bs. BSD $ BWP P BZD $ CAD $ CDF Fr CHF CHF CNY \u00a5 CRC \u20a1 CVE $ CZK K\u010d DJF Fdj DKK kr. DOP $ DZD \u062f.\u062c EGP \u062c.\u0645 ETB Br EUR \u20ac FJD $ FKP \u00a3 GBP \u00a3 GMD D GNF Fr GTQ Q GYD $ HKD $ HNL L HUF Ft IDR Rp ILS \u20aa INR \u20b9 ISK kr JMD $ JPY \u00a5 KES KSh KGS som KHR \u17db KMF Fr KRW \u20a9 KYD $ KZT \u3012 LAK \u20ad LBP \u0644.\u0644 LKR \u20a8 MAD \u062f.\u0645. MDL L MKD \u0434\u0435\u043d MMK K MNT \u20ae MOP P MUR \u20a8 MVR MVR MWK MK MYR RM NGN \u20a6 NIO C$ NPR \u20a8 NZD $ PEN S/. PGK K PHP \u20b1 PKR \u20a8 PLN z\u0142 PYG \u20b2 QAR \u0631.\u0642 RON Lei RSD \u0420\u0421\u0414 RWF FRw SAR \u0631.\u0633 SBD $ SEK kr SGD $ SHP \u00a3 SLL Le STD Db THB \u0e3f TJS \u0405\u041c TOP T$ TTD $ TWD $ TZS Sh UAH \u20b4 UGX USh USD $ UYU $ UZS VND \u20ab VUV Vt WST T XAF Fr XCD $ XOF Fr XPF Fr YER \ufdfc NO MORE METAL TASTE. This mug's ceramic coated interior lets you taste your coffee, not your mug. BUY NOW WE SWEAT THE SMALL STUFF At the Clean Hydration Company we obsess over the little things. We build products that make life easier. Everything from antimicrobial bottles with easy-to-clean caps to ceramic coated interiors and vacuum insulation. We make the products you know and love... just better. BROWSE PRODUCTS MUGS & TUMBLERS Ditch the single-use coffee cup and go reusable. Our mugs and tumblers are made with CeraTech\u2122 ceramic interior to provide a crisp, clean taste. No funky metal aftertaste and no waste in the landfill. What more could you ask for? SHOP MUGS & TUMBLERS BOTTLES Hydration has never felt so clean. All our reusable drinkware and bottles feature a unique, antimicrobial coating to keep germs away. SHOP BOTTLES RECOMMENDED FOR YOU Sport 23 $ 16.99 Canteen 17 $ 24.99 Tumbler 20 $ 22.99 KEEP IT CLEAN. Newsletter Sign up for our newsletter and receive updates you\u2019re looking for. Subscribe Our Story Contact Us Wholesale Inquiries FAQs Privacy Policy Twitter Facebook Instagram \u00a9 2023 The Clean Hydration Company. Search Search by HIKO \u263a""}"
boelter.com,"{""seo_description"": ""Boelter specializes in commercial food service solutions and kitchen design with years of experience in this bustling industry - learn how Boelter can help."", ""about"": ""Not found"", ""news"": ""Not found"", ""content"": ""Commercial Food Service Solutions & Kitchen Design | Boelter The store will not work correctly in the case when cookies are disabled. JavaScript seems to be disabled in your browser. For the best experience on our site, be sure to turn on Javascript in your browser. Toggle Nav Contact Us | Customer Login Log in to your store Log in to your custom loyalty app | Search Search What We Do Branded Beverage Products Design & Project Management Foodservice & Bar Equipment Foodservice Supplies Loyalty App Who We Serve Breweries & Distilleries Business & Industry Chain Restaurants Country Clubs Education Government Hospitals Independent Restaurants Senior Living Supermarket Foodservice Travel & Leisure About Us Careers Portfolios The Boelter Difference Resources Inspiration Product Catalogs Shop Foodservice SuppliesRestaurant Equipment, Kitchen & Bar Supplies, Janitorial & More Branded Beverage ProductsCustom Barware, Promotional Items, Signage & More SuperStoreShop in person Search Search What We Do Branded Beverage Products Design & Project Management Foodservice & Bar Equipment Foodservice Supplies Loyalty App Who We Serve Breweries & Distilleries Business & Industry Chain Restaurants Country Clubs Education Government Hospitals Independent Restaurants Senior Living Supermarket Foodservice Travel & Leisure About Us Careers Portfolios The Boelter Difference Resources Inspiration Product Catalogs Contact Us Shop Foodservice SuppliesRestaurant Equipment, Kitchen & Bar Supplies, Janitorial & More Branded Beverage ProductsCustom Barware, Promotional Items, Signage & More SuperStoreShop in person Customer Login Account SEE OUR WORK: TRUSTAGESEE CASE STUDYNEW HOLIDAY LOOK BOOKSHOP NOWTAPROOM EQUIPMENT SOLUTIONSLEARN MORESHOP FOODSERVICE SUPPLIES & EQUIPMENTSHOP ONLINE NOWFOODSERVICE & BAR EQUIPMENTLEARN MORECUSTOM LOYALTY MOBILE APPGET STARTED Let's Pursue Your Passion Boelter is a foodservice and beverage partner providing immediate insights and lasting solutions to restaurants, breweries, distilleries, and a wide range of foodservice operations. BRANDED BEVERAGE PRODUCTS DESIGN & PROJECT MANAGEMENT FOODSERVICE & BAR EQUIPMENT FOODSERVICE SUPPLIES LOYALTY APP WHO WE SERVE Breweries & Distilleries Business & Industry Chain Restaurants Education Independent Restaurants Government Hospitals Senior Living Country Clubs Travel & Leisure See Our Complete Portfolio Our Work Boelter\u2019s portfolio showcases our expanse and market reach along with our innate industry perspective which helps inform our clients\u2019 journeys not just their destinations. SEE OUR PORTFOLIO The Right Partner The foodservice and beverage business is nuanced and complex. How do we know? Because we have been immersed in the industry for 90+ years.At Boelter, our exceptional combination of experience and expertise, alongside our top-quality products and comprehensive capabilities, prepares us to meet your individual challenges from the very start of our partnership. The Boelter Difference InspirationView All Commercial Kitchen Equipment Planning Guide Commercial kitchen equipment is a considerable expense for a new restaurant. Here's how to choose equipment that will pay off in the long run. Read More Choosing Foodservice Gloves - Disposible Gloves for the Bakery, Deli, Buffet and Kitchen Different food prep and handling tasks require different types of foodservice gloves. Stock your establishment with gloves to ensure safety standards. Read More 3 Reasons to Use the Right Beer Glassware There\u2019s no doubt pairing beer with the customizable beer glass is of utmost importance, but what does that mean when it comes to your brand\u2014how do you make sure people are drinking your beer? The first step may be choosing the right glass style, but branding and presentation are next to give you the perfect customized glasses. Read More SUPERSTORE With hundreds of thousands of products available and vast purchasing power, Boelter has absolutely everything your foodservice and beverage business requires day in and day out. Learn More MILWAUKEE 4200 N Port Washington RdGlendale, WI 53212(414) 967-4300 Directions Inspired innovation, extraordinary aptitude, and custom foodservice and beverage solutions.That\u2019s the essence of Boelter. Contact Us Select Store WHAT WE DO Branded Beverage Products Design & Project Management Foodservice & Bar Equipment Foodservice Supplies Loyalty App WHO WE SERVE Breweries & Distilleries Business & Industry Chain Restaurants Education Government Hospitals Independent Restaurants Senior Living Supermarket Foodservice Travel & Leisure ABOUT US Careers Portfolios The Boelter Difference RESOURCES Inspiration Product Catalogs SHOP Foodservice Supplies Branded Beverage Products SuperStore CONTACT US 1-800-BOELTER Headquarters N22W23685 W Ridgeview Pkwy Waukesha, WI 53188 (262) 523-6200 Copyright \u00a9 2023 Boelter, Inc. All rights reserved. Privacy Policy | Terms + Conditions""}"
controllergear.com,"{""seo_description"": ""Not found"", ""about"": ""Not found"", ""news"": ""Not found"", ""content"": ""Not found""}"
nalgene.com,"{""seo_description"": ""Not found"", ""about"": ""Not found"", ""news"": ""Not found"", ""content"": ""Not found""}"
thetravelbean.com,"{""seo_description"": ""Not found"", ""about"": ""Not found"", ""news"": ""Not found"", ""content"": ""Not found""}"
wandp.com,"{""seo_description"": ""Ready to elevate your kitchen storage? Discover W&P's selection of eco-friendly and sustainable kitchen products. Shop our sustainable kitchenware now!"", ""about"": ""Not found"", ""news"": ""Not found"", ""content"": ""Sustainable & Eco-Friendly Kitchen Products | W&P Skip to Main Content Get a FREE Reusable Stretch Wrap Set with any Sustainable Kitchen Starter Set Purchase 11/1-11/6 Get FREE Shipping On Orders $100+ Transform Your Kitchen with the Sustainable Kitchen Starter Set W&P Shop The Starter Set Our Mission Corporate Gifting Search Award-Winning Stretch WrapScore a complimentary Reusable Stretch Wrap Set with any Starter Set purchase between 11/1-11/6 GET YOUR GIFT Better For You & The PlanetJoin a community of 100,000+ taking the first step to transform their kitchens for a healthier future Best Sellers Shop All New 4.8 Rated 4.8 out of 5 stars411 Reviews FromOriginal price was 125 dollars $125 sale price is 115 dollars $115 Sustainable Kitchen Starter Set Mint 5 colors New 4.8 Rated 4.8 out of 5 stars352 Reviews From 25 dollars $25 Seal Tight Glass Bowl Terrazzo Cream 7 colors 4.7 Rated 4.7 out of 5 stars91 Reviews Original price was 85 dollars $85 sale price is 80 dollars $80 Silicone Reusable Bag Starter Set Cream 5 colors New 4.8 Rated 4.8 out of 5 stars30 Reviews Original price was 60 dollars $60 sale price is 55 dollars $55 Reusable Stretch Bundle New 4.4 Rated 4.4 out of 5 stars663 Reviews From $25 25 dollars $25 Ceramic Travel Mug Lavender 9 colors 4.8 Rated 4.8 out of 5 stars33 Reviews Original price was 40 dollars $40 sale price is 38 dollars $38 BYO Lunch Bundle Mint 3 colors 4.7 Rated 4.7 out of 5 stars135 Reviews $40 40 dollars $40 Ceramic Lunch Bowl Mint 5 colors New 4.6 Rated 4.6 out of 5 stars238 Reviews From 30 dollars $30 Insulated Bottle Lavender 7 colors Shop All The Reviews Are In 5 out of five star rating \u201cExcellent quality, very versatile, and cute. I love how every time someone sees me with these products they ask 'where did you get that?'\"" Sheila K. Verified Customer 5 out of five star rating \u201cPhenomenal products. Every time I purchase a W&P product it looks so great in my fridge!\u201d Roy E. Verified Customer 5 out of five star rating \u201cI love these products and use them every day! Everything is so sleek and cute, I recommend them to all my friends and family.\u201d Arissa L. Verified Customer Shop Our Collections Shop All Food Storage Innovative storage solutions that replace single-use products Drinkware The most sustainable way to stay hydrated Ice Trays The perfect ice made for every drink Shop All \""Leader in creating design-forward food storage options that make going green feel oh-so-appealing.\"" \u201cNot only do W&P containers completely transform how my refrigerator looks, but they finally put an end to the constant aggravation I endured every time I opened it up.\u201d \""Besides being incredibly sleek and undeniably multifunctional, W&P designs product with intricacy, efficiency, and the customer in mind.\"" Join The Movement W and P Design on Instagram @wandpdesign Follow Us Follow Us Better For You & The Planet Info MissionBlogReviewsPressCareersSite Map Help ContactShippingReturnsAccountAccessibility Partners WholesaleInternationalCustomizationAffiliates Better For You & The Planet Join Our CommunitySubscribe for 10% off, free gifts, and more! Thank You! \u00a9 2023 W&P Privacy Policy| Terms of Service| Wrap to Top""}"
coleman.com,"{""seo_description"": ""Not found"", ""about"": ""Not found"", ""news"": ""Not found"", ""content"": ""Not found""}"
newwaveenviro.com,"{""seo_description"": ""Not found"", ""about"": ""Not found"", ""news"": ""Not found"", ""content"": ""New Wave Enviro I Safe & Sustainable EST. 1993 - New Wave Enviro Skip to main content Menu Water Filters10 Stage Plus\u00aeUnder-sink ModelShower FiltersAlkaline PlusWater FiltersReusable BottlesWater DispensersStainless Sustainable LunchKid Basix\u00aeSafe BowlLitter FreeOnline RetailersVideosRegistrationFAQsAboutContactOur StoryStore LocatorMyLabelNewsPlastic Bottles Check out our line of reusable bottles! 1 Gallon Glass 2 Gallon Refrigerator 3 Gallon Round with handle 5 Gallon Round with handle Water FiltersNew Wave Enviro offers the convenience of on-demand fresh water with our long-lasting 10 Stage Plus system or the simplicity of our pitcher filters. With over 20 years in business, you can count on our quality and availability. Under-sink Model Alkaline Wand Alkaline Bottle New Wave Barrier Twist Filter Pitcher 10 Stage Plus Water Filter Alkaline Plus Filter Pitcher System Alkaline Filter Pitcher System Spa Experience Designer Shower Filter Spa Experience Premium Shower Filter Designer Shower Filter Replacement CartridgeNew Wave Enviro offers the convenience of on-demand fresh water with our long-lasting 10 Stage Plus system or the simplicity of our pitcher filters. With over 20 years in business, you can count on our quality and availability. Kid BasixKid Basix creates eco-FUNctional\u2122 food and beverage products in more durable, environmentally friendly materials like stainless steel. Kid Basix creates eco-FUNctional\u2122 food and beverage products in more durable, environmentally friendly materials like stainless steel. Safe Bowl Safe Sippy Safe Sippy 2 Safe Snacker 23oz Safe Snacker 13oz Safe Snacker 7oz Safe Sporter 12oz Safe Sporter 16oz Water DispensersThe ideal way to dispense water from your 3 and 5 gallon New Wave bottles, all dispensers are lead-free porcelain or 304-grade stainless steel. A variety of stands available.The ideal way to dispense water from your 3 and 5 gallon New Wave bottles, all dispensers are lead-free porcelain or 304-grade stainless steel. A variety of stands available. Boho Kit Ceramic Crock Stainless Steel Crock 27\u2033 Wood Floor Stand 7\u2033 Wood Counter Stand Reusable BottlesCovering every need with a full line of 304-grade stainless steel, BPA free plastic, and high-quality glass. A large selection of colors and designs with a perfect size for every situation. Whether hiking with your stainless steel bottle or transporting your water from the store to home, New Wave has you covered.A large selection of colors and designs with a perfect size. New Wave has you covered. 600 ml 40oz Stainless Steel Lunchbox Bottle Iconic 2.2 Liter 64oz Glass 1 Gallon Glass 1 Gallon Square Iconic 1 Gallon Round with handle Bulk BottlesA large selection of sizes for all your bulk bottling or storage needs. A great choice for your kitchen, health & the environment! A large selection of sizes for all your bulk bottling or storage needs. A great choice for your kitchen, health & the environment! 2 Gallon Refrigerator 3 Gallon Round with handle 5 Gallon Round with handleTrash-Ready Plastic Bottles Saved Annually:8.3Billion metric tons of plastic has been produced6.3 BillionBillion metric tons has become plastic waste9Has been recycled79Of plastic accumulates in landfills or ends up as litter8 MillionMillion metric tons of plastic ends up in our oceans every year200Million single-use trash-ready bottles prevented from landfills annually by choosing reusable Tritan by New Wave\u2122 Play Video ProductsNewReusable Water BottlesLitter FreeAboutOur StoryFAQsNewsContactHomeProduct RegistrationOnline Retailers\u00a9 2023 New Wave Enviro.twitterfacebooklinkedininstagram Close Menu Water Filters10 Stage Plus\u00aeUnder-sink ModelShower FiltersAlkaline PlusWater FiltersReusable BottlesWater DispensersStainless Sustainable LunchKid Basix\u00aeSafe BowlLitter FreeOnline RetailersVideosRegistrationFAQsAboutContactOur StoryStore LocatorMyLabelNewsPlastic Bottles""}"
capellisport.com,"{""seo_description"": ""Shop the official Capelli Sport Online Shop for the latest sportswear & teamwear apparel, fitness & training equipment, shoes and accessories."", ""about"": ""Not found"", ""news"": ""Not found"", ""content"": ""Capelli Sport - Online Store \u2013 capellisport.com Skip to content Close menu MEN TOPS BOTTOMS SOCKS ACCESSORIES SHOES SHOP ALL WOMEN TOPS BOTTOMS SOCKS ACCESSORIES SHOES SHOP ALL YOUTH TOPS BOTTOMS SOCKS ACCESSORIES SHOES SHOP ALL ACCESSORIES / EQUIPMENT FITNESS EQUIPMENT SOCCER EQUIPMENT BALLS BAGS COLD WEATHER FIELD ITEMS REFEREE PRO TEAMSCATALOGSTEAM UNIFORMSALE Log in Instagram Facebook YouTube Twitter TikTok LinkedIn Bag Close bag FREE GROUND SHIPPINGon all domestic orders over $99.00 - Not valid on teams.capellisport.com TEAMSHOP CONTACT US SIGN UP | Log in capellisport.com MEN TOPS BOTTOMS SOCKS ACCESSORIES SHOES SHOP ALL WOMEN TOPS BOTTOMS SOCKS ACCESSORIES SHOES SHOP ALL YOUTH TOPS BOTTOMS SOCKS ACCESSORIES SHOES SHOP ALL ACCESSORIES / EQUIPMENT FITNESS EQUIPMENT SOCCER EQUIPMENT BALLS BAGS COLD WEATHER FIELD ITEMS REFEREE PRO TEAMS CATALOGS TEAM UNIFORM SALE capellisport.com Log in Search 0 Bag Site navigation Search \""Close (esc)\"" View more FREE GROUND SHIPPINGon all domestic orders over $99.00 - Not valid on teams.capellisport.com TEAMSHOP CONTACT US SIGN UP | Log in SELECT YOUR STYLE The Select collection is the perfect Smart Casual Wear. From the sidelines, the stands, or even date night. SHOP NOW SELECT YOUR STYLE The Select collection is the perfect Smart Casual Wear. From the sidelines, the stands, or even date night. SHOP NOW EXPLORE OUR CATALOGS A compilation of our wide selection of products. TEAMWEAR FITNESS Heathered Sets Comfortable & fresh, for all occasions. YOUTH HEATHERED ZIP UP HOODIE$60.00 YOUTH HEATHERED ZIP UP HOODIE$60.00 YOUTH HEATHERED ZIP UP HOODIE$60.00 YOUTH HEATHERED ZIP UP HOODIE$60.00 MEN'S HEATHERED ZIP UP HOODIE$80.00 MEN'S HEATHERED ZIP UP HOODIE$80.00 MEN'S HEATHERED ZIP UP HOODIE$80.00 MEN'S HEATHERED ZIP UP HOODIE$80.00 WOMEN'S HEATHERED ZIP UP HOODIE$80.00 From the pitches to the streets. Redefining Athleticism SHOP THE COLLECTION SUPPORTING IN ALL WEATHER Shop the Unisex Geo Camo Spectator Blanket Jacket. Shop NEWEST DROPS THE LATEST ARRIVALS Shop our newest arrivals, from Jackets to Bucket Hats Shop all new arrivals LATEST CAMPAIGNS CS CLASSICS SUEDE SHERPA UNITE FOR THE RIBBON BACK TO SCHOOL CS FLY I HATS TEAM GEAR What does your team offer? Shop EXPLORE MORE Access DeniedIMPORTANT! If you\u2019re a store owner, please make sure you have Customer accounts enabled in your Store Admin, as you have customer based locks set up with EasyLockdown app. Enable Customer Accounts SIGN UP & GET 15% OFFDiscount is not applicable on teams.capellisport.com for club orders. Enter your email Join SHOP SHOP Men Women Youth Accessories & Equipment Pro Teams Information Information Shipping & Returns Privacy Policy Accessibility Team Shop Size Chart Explore Explore Contact Catalogs Influencer Program Customer Service Customer Service Email Uscustomerservice@capellisport.com \u00a9 2023 capellisport.com Facebook Twitter Instagram YouTube TikTok LinkedIn Previous Next \""Close (esc)\"" front""}"
jansport.com,"{""seo_description"": ""JanSport has gone global! Check out our international retailers to find the best retailer near you. Free Shipping & Returns on all orders!"", ""about"": ""Not found"", ""news"": ""Not found"", ""content"": ""JanSport International | Find a Store Near You Skip to main content {count} Cart Find A Store Gift Card Limited Lifetime Warranty Chat My Account Sign Out {count} Cart To navigate this using the keyboard, please follow these instructions. Use the enter key to follow the link to the shopping cart page, or the space bar to open and enter the mini shopping cart, pressing escape will close the mini shopping cart Backpacks Shop All Backpacks Shop by Use Laptop Campus Commute Travel SHOP BY SIZE Mini Backpacks Small Backpacks Medium Backpacks Large Backpacks SHOP BY FEATURE Water Bottle Pockets Laptop Sleeve Rolling Backpack Internal Organization Sustainable Backpacks Black Backpacks Mesh Backpacks Discover More Best Sellers New Arrivals Exclusives Collections & Collaborations Adaptive Collection Restore Collection Pro Pack System Bags Explore All Bags Duffels Fanny Packs Crossbody & Totes Lunch Bags Accessories Explore All Accessories Accessory Pouches Lunch Bags Clothing Clothing Shop All Clothing JanSport Classic Tee JanSport Classic Hat JanSport Trucker Hat JanSport Classic Beanie JanSport Tall Beanie GIFTS Perfect Gift Finder Gift Under $25 Gifts Under $50 Gifts Under $100 Gifts for Students Gifts for Travelers Perfect Gift Finder Explore Explore Collections Shop All Collections Exclusives Spring Break Bags Adaptive Collection Pro Pack System Restore Collection Campus Collection Right Pack Collection About JanSport Shop All About JanSport Our Story Always With You Sustainability Durability Lighten The Load LTL: Affirmations Back'd by JanSport Contact Us Shop All Contact Us Limited Lifetime Warranty How to Clean a JanSport BLOG EXCLUSIVES More Find A Store Gift Card Limited Lifetime Warranty Chat My Account Sign Out When autocomplete results are available, use tab key or down arrow to enter the results. Use the escape key to close the results and clear search field. Search FREE STANDARD SHIPPING ON ORDERS $50+ Welcome to JanSport Unfortunately, JanSport.com does not ship internationally.Please select your delivery location from the dropdown to find locally available gear. Select Location Canada Carribean United States of America Austria Belgium France Germany Ireland Italy Netherlands Poland Spain United Kingdom Argentina Brazil Chile Colombia Panama Australia China Indonesia Japan South Korea Jordan Israel Nigeria South Africa Please note by changing site region, all items in shopping cart will be removed. SHOP Backpacks Bags Accessories New Arrivals Perfect Pack Finder Collections Sale Discover More About Us Sustainability Blog | #LifeUnzipped Back'd by JanSport Customer Service Contact Us Live Chat Limited Lifetime Warranty FAQ Klarna FAQ How to Clean a JanSport Shipping and Billing Returns Promotion Terms My Account My Account Track Your Order My Favorites Company International Privacy Policy Do Not Sell My Info Terms Of Use Careers Partnerships CA Supply Chains Act UK Slavery Act Social Compliance Accessibility STORE LOCATOR FIND A STORE Follow JanSport Get News & Updates Sign up for JanSport's Mailing List A valid email address is required Back to Top SITE REGION: ENG \u24b8 JanSport, a VF Company""}"
mizulife.com,"{""seo_description"": ""Mizu makes double walled vacuum sealed stainless steel water bottles created and backed by professional athletes. Our premium water bottles, coffee mugs and accessories have a lifetime warranty. Customize your own water bottles, low minimums and fast shipping."", ""about"": ""Not found"", ""news"": ""Not found"", ""content"": ""Mizu Stainless Steel Water Bottles, Reusable Straws, Mugs and Tumblers \u2013 Mizu Life Skip to content SHOP SHOP ALL SINGLE WALL INSULATED COFFEE BARWARE FOOD ACCESSORIES SALE PERSONALIZE CUSTOMIZE MIZU LIFE BLOG OUR STORY 1% FOR THE PLANET SUPPORT CONTACT 360 FILTRATION TECH FAQ Menu Close Back SHOP SHOP ALL SINGLE WALL INSULATED COFFEE BARWARE FOOD ACCESSORIES SALE PERSONALIZE CUSTOMIZE MIZU LIFE BLOG OUR STORY 1% FOR THE PLANET SUPPORT CONTACT 360 FILTRATION TECH FAQ Account Currency United States (USD $) Down Canada (USD $) United States (USD $) Home SHOP ALL SINGLE WALL INSULATED COFFEE BARWARE FOOD ACCESSORIES SALE Home BLOG OUR STORY 1% FOR THE PLANET Home CONTACT 360 FILTRATION TECH FAQ Mizu Life Search Close Search Store Close Go Mizu Custom All new product configurator for customization. Easier than ever to upload your artwork and design online! LEARN MORE Shop MizuSee more Personalize MizuSee more Customize MizuSee More What Makes Us Awesome Adventure Focused From the ownership to the staff and advocates, Mizu is made up of a group of travel hungry adrenaline junkies that share a deep passion for outdoor adventures. About Us Purpose Driven The simple act of using a Mizu product over its single-use counterpart is already helping to reduce pollution in the places we love to play in, but we didn\u2019t stop there. Learn more about how our partnership with 1% For the Planet goes to work... Our Partners Custom Experts Whether personalizing a Mizu for a gift or customizing a bunch for your business or event, we got your back! Mizu\u2019s specialty is customization because we\u2019re the best at it and the easiest to work with. Customize Now Collections ALL BARWARE COFFEE INSULATED SINGLE WALL FOOD ACCESSORIES SALE Enjoy the journey. Leave nothing behind. ExploreContactFAQPressPrivacy PolicyWarranty & ReturnsSearchTerms of ServiceRefund policy Currency United States (USD $) Down Canada (USD $) United States (USD $) \u00a9 2023 Mizu Life Powered by Shopify American Express Apple Pay Diners Club Discover Meta Pay Google Pay Mastercard PayPal Venmo Visa""}"
carlislefsp.com,"{""seo_description"": ""Not found"", ""about"": ""Not found"", ""news"": ""Not found"", ""content"": ""Carlisle FoodService Products | Skip to main content Carlisle FoodService Products Search Customer Service 1 (800) 654-8210 Product SafetyLogin My Account Login RequiredProducts Carlisle ProductsSupport Tools & AnswersParts Replacement PartsMedia Marketing ToolsContact Us Customer ServiceFoodService Products DinnerwareDrinkwareTabletop AccessoriesDisplaywareBuffet ServiceFood Bars & Convenience Bar Supplies Foodservice TraysCatering Equipment Professional Cookware Kitchen AccessoriesStorage & HandlingWarewashingCleaning ToolsFloor & Restroom CareTransportation Waste Management Cash 'n CarrySanitary MaintenanceWaste & Material HandlingFloor Brushes & BroomsMopping SolutionsSqueegee & Window CleaningHandlesBrushes & AccessoriesColor-Coded ProductsEquipment & FoodserviceHealthcareCabinetsTraytops & AccessoriesDishware & DisposablesDecorator Paper ProductsInduction Heating SystemsServing Systems Retherm SystemsServing CountersRefrigerationDispensers & HeatersTray Delivery CartsStarter Stations & ConveyorsRacksTable CoveringsFabricsSpecialtyVinylsDisposablesNew ProductsCloseout Home My AccountLogin RequiredProductsCarlisle ProductsSupportTools & AnswersPartsReplacement PartsMediaMarketing ToolsContact UsCustomer Service Send Us Feedback We would love to hear what you think. Name E-Mail * Comments * Cancel Leave this field blank Join Our Newsletter Get exclusive updates sent straight to your inbox. Track an Order Find the status of your order Use your Carlisle order number or PO # in combination with the ship to zip code to search.Please note that your order will not track until it has shipped. PO # or Carlisle Order # Ship-to Zip code Cancel Carlisle FoodService Products Carlisle FoodService Products is the leading provider of innovative, professional grade product solutions to the foodservice, healthcare, and janitorial markets. Working together, our worldwide team of employees focuses on continuously improving the Carlisle brand by developing the best products, ensuring the highest quality, and providing unequaled customer service. More about Carlisle FoodService Products... Subscribe / Connect LinkedIn Twitter Facebook Youtube About Us BPA Information Careers FAQs Product Safety Terms & Conditions Warranties Product Registration Privacy Policy FoodService Products DinnerwareDrinkwareTabletop AccessoriesDisplaywareBuffet ServiceFood Bars & Convenience Bar Supplies Foodservice TraysCatering Equipment Professional Cookware Kitchen AccessoriesStorage & HandlingWarewashingCleaning ToolsFloor & Restroom CareTransportation Waste Management Cash 'n CarrySanitary MaintenanceWaste & Material HandlingFloor Brushes & BroomsMopping SolutionsSqueegee & Window CleaningHandlesBrushes & AccessoriesColor-Coded ProductsEquipment & FoodserviceHealthcareCabinetsTraytops & AccessoriesDishware & DisposablesDecorator Paper ProductsInduction Heating SystemsServing Systems Retherm SystemsServing CountersRefrigerationDispensers & HeatersTray Delivery CartsStarter Stations & ConveyorsRacksTable CoveringsFabricsSpecialtyVinylsDisposablesNew ProductsCloseout Copyright \u00a92023 Carlisle FoodService Products. All rights reserved.""}"
columbiasportswearcompany.com,"{""seo_description"": ""Not found"", ""about"": ""Not found"", ""news"": ""Not found"", ""content"": ""Columbia Sportswear CompanyYou need to enable JavaScript to run this app.""}"
carhartt.com,"{""seo_description"": ""Since 1889, Carhartt has been providing the highest quality workwear, outdoor apparel, and gear. Shop now and join the Carhartt workforce today."", ""about"": ""Not found"", ""news"": ""Not found"", ""content"": ""Durable Workwear, Outdoor Apparel & Gear | Carhartt Skip to Header Skip to Main Content Skip to Footer Carhartt ReworkedCarhartt for BusinessFIND THE PERFECT GIFT. SHOP GIFT GUIDES >GIVE THE GIFT OF WARMTH. SHOP JACKETS >FREE GROUND SHIPPING AND RETURNS FOR ALL U.S. ORDERS > Live Chat 0 CART Your cart is empty Continue Shopping loyalty login MenShop AllNew New Shop All Shirts & T-Shirts Shop By Color Sweatshirts Accessories New Styles Outerwear Best Sellers- New Colors Pants Hunting & Camo Fall Essentials Fall Essentials Most Popular Work Pants Fall Layering Jackets Hunting & Camo Vests Shirt Jacs Beanies & Face Masks Flannels Thermals Hoodies Boots & Shoes Gifts For HimOuterwear Outerwear Shop All Jackets & Coats Insulated & Lined Lightweight Rain Big & Tall Vests Explore Rainwear Hoods Hoodies & Sweatshirts Hoodies & Sweatshirts Shop All Crewneck Full Zip Lined Performance Hoodie Quarter Zip Water Repellent Big & Tall Graphic Pants, Jeans & Shorts Pants, Jeans & Shorts Shop All Work Pants Jeans Lined Pants Double-Front Cargo Shorts Carpenter Big & Tall Sweatpants Base Layer Flame Resistant T-Shirts T-Shirts Shop All Performance Short Sleeve Everyday Long Sleeve Loose Fit Graphic Relaxed Fit Big & Tall Shirt Jacs & Work Shirts Shirt Jacs & Work Shirts Shop All Shirt Jacs Flannels & Plaids Button Downs Base Layer Polos Big & Tall Bib Overalls & Coveralls Bib Overalls & Coveralls Shop All Insulated Rain Unlined Big & Tall Flame Resistant Accessories Accessories Shop All Hats Gloves Backpacks & Bags Socks Underwear Wallets Thermals & Base Layer Belts & Suspenders Coolers Work Accessories Hoods Aprons Boots & Shoes Boots & Shoes Shop All Work Boots Wedge Boots Safety Toe Hiking Boots Casual Wellington Boots Insulated Boots Sneaker Rain Boots PPE PPE Scrubs Flame Resistant High-Vis WomenShop AllExplore Fall FavoritesNew New Shop All Sweatshirts Shop by Color Pants New Styles Accessories Outerwear Classic Gear- New Colors Shirts Gifts For HerOuterwear Outerwear Shop All Insulated & Lined Jackets & Coats Sherpa & Fleece Vests Rain Lightweight Plus Size Explore Outerwear Explore Rainwear Hoodies & Sweatshirts Hoodies & Sweatshirts Shop All Hoodie Zip-up Crewneck Graphic Quarter Zip Water Repellent Plus Size T-Shirts T-Shirts Shop All Graphic Short Sleeve Performance Long Sleeve Classic Cotton Sleeveless Tencel Plus Size Shirt Jacs & Work Shirts Shirt Jacs & Work Shirts Shop All Flannels & Plaids Button Downs Base Layer Plus Size Shirt Jacs Pants, Jeans & Shorts Pants, Jeans & Shorts Shop All Lined Pants Work Pants Leggings Jeans Shorts Sweatpants Plus Size Base Layer Double-Front Bib Overalls & Coveralls Bib Overalls & Coveralls Shop All Unlined Insulated Plus Size Accessories Accessories Shop All Hats & Headbands Gloves Socks Base Layer Belts Wallets Backpacks & Bags Coolers Work Accessories Footwear Boots & Shoes Boots & Shoes Shop All Hiking Slip-On Wellington Wedge Sneaker Winter Boots PPE PPE Flame-Resistant Scrubs KidsShop AllNewGifts for KidsCollections Collections Most Popular Dress Like Mom & Dad Outerwear Sweats Sets Kid's Camo Baby Boy (0-24M) Baby Boy (0-24M) Shop All Bib Overalls Bottoms Bodysuits & Coveralls Sets Accessories T-Shirts Outerwear Baby Girl (0-24M) Baby Girl (0-24M) Shop All Outerwear Bib Overalls Bottoms Accessories Bodysuits & Coveralls Sets T-Shirts Toddler Boy (2T-4T) Toddler Boy (2T-4T) Shop All Outerwear Bib Overalls Bottoms Shirts Accessories Sweats Sets Toddler Girl (2T-4T) Toddler Girl (2T-4T) Shop All Outerwear Bib Overalls Bottoms Shirts Accessories Sweats Sets Youth Boy (4-16) Youth Boy (4-16) Shop All Outerwear Bib Overalls Bottoms Shirts Accessories Sweats Youth Girl (4-14) Youth Girl (4-14) Shop All Outerwear Bib Overalls Bottoms Sweats Shirts Accessories AccessoriesDress Like Mom & Dad Dress Like Mom & Dad Shop All Dress Like Dad Dress Like Mom ScrubsShop AllNewSaleWomen's Women's Shop All Jackets Tops Caps Bottoms Under Layers Sale Men's Men's Shop All Jackets Tops Caps Bottoms Under Layers Sale Scrub Tops Scrub Tops Shop All V-Neck Henley Tunic Chest Pocket Multi-Pocket Sweat Wicking Printed Tops Underlayers Scrub Bottoms Scrub Bottoms Shop All Straight Leg Jogger Slim Leg Cargo Sweat Wicking Boot Cut Scrub JacketsScrub UnderlayersScrub Accessories & ShoesBootsShop AllNewShop Men's Shop Men's Shop All Work Wedge Wellington Insulated Hiking Sneaker Water Protection Slip-On Casual Insoles Most Popular Shop Women's Shop Women's Shop All Work Wedge Insulated Wellington Hiking Sneaker Slip-On Casual Insoles Water Protection Most Popular Safety Toe Safety Toe Shop All Steel Toe Composite Toe Nano Composite Water ProtectionInsulated Boots Insulated Boots Shop All Insulated Safety Toe Insulated Hiker Insulated Non-Safety Toe Shop by Color Shop by Color Black Gray Brown Red Tan Blue Gold AccessoriesShop AllNewMen's Men's Shop All Beanies & Caps Gloves Backpacks & Bags Underwear Thermals & Base Layer Wallets Belts & Suspenders Socks Coolers Work Accessories Hoods Aprons Women's Women's Shop All Hats & Headbands Gloves Base Layer Socks Wallets Belts Backpacks & Bags Coolers Footwear Work Accessories Beanies, Caps & Face Masks Beanies, Caps & Face Masks Shop All Beanies Ball Caps Face Covering Kid's Hats Backpacks, Coolers & Bags Backpacks, Coolers & Bags Shop All Coolers & Lunch Bags Tool Backpacks & Laptop Bags Duffel Bags Tote Bags Waist Packs Sling & Crossbody bags Pet Pet Shop All Dog Beds & Blankets Dog Coats Dog Collars & Leashes Dog Training Toys Equine Socks Socks Shop All Low Cut Crew Multi Packs Boot Lightweight Cold Weather Gloves Gloves Shop All Seamless Rubber High Dexterity Insulated Molded Work & Garden Belts & SuspendersThermals & Underwear Thermals & Underwear Shop All Midweight Heavyweight Lightweight Underwear WalletsWork Accessories Work Accessories Shop All Tool Belts Safety Glasses Aprons Repair Kit Auto Auto Universal Custom GiftsShop AllGifts by Price Gifts by Price Gifts Under $25 Gifts Under $50 Gifts Under $75 Gifts Under $125 Gifts for The Family Gifts for The Family Gifts for Him Gifts for Her Gifts for Kids Family Sets Stocking Stuffers Santa's Favorites Gifts by Category Gifts by Category Socks Under $15 Beanies Under $25 T-Shirts Under $25 Sweatshirts Under $60 Pants Under $60 DealsShop AllMen's Men's Shop All Shirts Pants & Shorts Sweatshirts Accessories Outerwear Scrubs Women's Women's Shop All Shirts Hoodies Pants & Shorts Outerwear Bibs Accessories Scrubs ScrubsAccessoriesForce GearKidsFootwearLearnBrandsOur Purpose Our Purpose See Our Purpose Performance Technologies Performance Technologies Rugged Flex Super Dux Force Yukon Extremes Storm Defender Rain Defender Men Shop All New Shop All Shirts & T-Shirts Shop By Color Sweatshirts Accessories New Styles Outerwear Best Sellers- New Colors Pants Hunting & Camo Fall Essentials Most Popular Work Pants Fall Layering Jackets Hunting & Camo Vests Shirt Jacs Beanies & Face Masks Flannels Thermals Hoodies Boots & Shoes Gifts For Him Outerwear Shop All Jackets & Coats Insulated & Lined Lightweight Rain Big & Tall Vests Explore Rainwear Hoods Hoodies & Sweatshirts Shop All Crewneck Full Zip Lined Performance Hoodie Quarter Zip Water Repellent Big & Tall Graphic Pants, Jeans & Shorts Shop All Work Pants Jeans Lined Pants Double-Front Cargo Shorts Carpenter Big & Tall Sweatpants Base Layer Flame Resistant T-Shirts Shop All Performance Short Sleeve Everyday Long Sleeve Loose Fit Graphic Relaxed Fit Big & Tall Shirt Jacs & Work Shirts Shop All Shirt Jacs Flannels & Plaids Button Downs Base Layer Polos Big & Tall Bib Overalls & Coveralls Shop All Insulated Rain Unlined Big & Tall Flame Resistant Accessories Shop All Hats Gloves Backpacks & Bags Socks Underwear Wallets Thermals & Base Layer Belts & Suspenders Coolers Work Accessories Hoods Aprons Boots & Shoes Shop All Work Boots Wedge Boots Safety Toe Hiking Boots Casual Wellington Boots Insulated Boots Sneaker Rain Boots PPE Scrubs Flame Resistant High-Vis Women Shop All Explore Fall Favorites New Shop All Sweatshirts Shop by Color Pants New Styles Accessories Outerwear Classic Gear- New Colors Shirts Gifts For Her Outerwear Shop All Insulated & Lined Jackets & Coats Sherpa & Fleece Vests Rain Lightweight Plus Size Explore Outerwear Explore Rainwear Hoodies & Sweatshirts Shop All Hoodie Zip-up Crewneck Graphic Quarter Zip Water Repellent Plus Size T-Shirts Shop All Graphic Short Sleeve Performance Long Sleeve Classic Cotton Sleeveless Tencel Plus Size Shirt Jacs & Work Shirts Shop All Flannels & Plaids Button Downs Base Layer Plus Size Shirt Jacs Pants, Jeans & Shorts Shop All Lined Pants Work Pants Leggings Jeans Shorts Sweatpants Plus Size Base Layer Double-Front Bib Overalls & Coveralls Shop All Unlined Insulated Plus Size Accessories Shop All Hats & Headbands Gloves Socks Base Layer Belts Wallets Backpacks & Bags Coolers Work Accessories Footwear Boots & Shoes Shop All Hiking Slip-On Wellington Wedge Sneaker Winter Boots PPE Flame-Resistant Scrubs Kids Shop All New Gifts for Kids Collections Most Popular Dress Like Mom & Dad Outerwear Sweats Sets Kid's Camo Baby Boy (0-24M) Shop All Bib Overalls Bottoms Bodysuits & Coveralls Sets Accessories T-Shirts Outerwear Baby Girl (0-24M) Shop All Outerwear Bib Overalls Bottoms Accessories Bodysuits & Coveralls Sets T-Shirts Toddler Boy (2T-4T) Shop All Outerwear Bib Overalls Bottoms Shirts Accessories Sweats Sets Toddler Girl (2T-4T) Shop All Outerwear Bib Overalls Bottoms Shirts Accessories Sweats Sets Youth Boy (4-16) Shop All Outerwear Bib Overalls Bottoms Shirts Accessories Sweats Youth Girl (4-14) Shop All Outerwear Bib Overalls Bottoms Sweats Shirts Accessories Accessories Dress Like Mom & Dad Shop All Dress Like Dad Dress Like Mom Scrubs Shop All New Sale Women's Shop All Jackets Tops Caps Bottoms Under Layers Sale Men's Shop All Jackets Tops Caps Bottoms Under Layers Sale Scrub Tops Shop All V-Neck Henley Tunic Chest Pocket Multi-Pocket Sweat Wicking Printed Tops Underlayers Scrub Bottoms Shop All Straight Leg Jogger Slim Leg Cargo Sweat Wicking Boot Cut Scrub Jackets Scrub Underlayers Scrub Accessories & Shoes Boots Shop All New Shop Men's Shop All Work Wedge Wellington Insulated Hiking Sneaker Water Protection Slip-On Casual Insoles Most Popular Shop Women's Shop All Work Wedge Insulated Wellington Hiking Sneaker Slip-On Casual Insoles Water Protection Most Popular Safety Toe Shop All Steel Toe Composite Toe Nano Composite Water Protection Insulated Boots Shop All Insulated Safety Toe Insulated Hiker Insulated Non-Safety Toe Shop by Color Black Gray Brown Red Tan Blue Gold Accessories Shop All New Men's Shop All Beanies & Caps Gloves Backpacks & Bags Underwear Thermals & Base Layer Wallets Belts & Suspenders Socks Coolers Work Accessories Hoods Aprons Women's Shop All Hats & Headbands Gloves Base Layer Socks Wallets Belts Backpacks & Bags Coolers Footwear Work Accessories Beanies, Caps & Face Masks Shop All Beanies Ball Caps Face Covering Kid's Hats Backpacks, Coolers & Bags Shop All Coolers & Lunch Bags Tool Backpacks & Laptop Bags Duffel Bags Tote Bags Waist Packs Sling & Crossbody bags Pet Shop All Dog Beds & Blankets Dog Coats Dog Collars & Leashes Dog Training Toys Equine Socks Shop All Low Cut Crew Multi Packs Boot Lightweight Cold Weather Gloves Shop All Seamless Rubber High Dexterity Insulated Molded Work & Garden Belts & Suspenders Thermals & Underwear Shop All Midweight Heavyweight Lightweight Underwear Wallets Work Accessories Shop All Tool Belts Safety Glasses Aprons Repair Kit Auto Universal Custom Gifts Shop All Gifts by Price Gifts Under $25 Gifts Under $50 Gifts Under $75 Gifts Under $125 Gifts for The Family Gifts for Him Gifts for Her Gifts for Kids Family Sets Stocking Stuffers Santa's Favorites Gifts by Category Socks Under $15 Beanies Under $25 T-Shirts Under $25 Sweatshirts Under $60 Pants Under $60 Deals Shop All Men's Shop All Shirts Pants & Shorts Sweatshirts Accessories Outerwear Scrubs Women's Shop All Shirts Hoodies Pants & Shorts Outerwear Bibs Accessories Scrubs Scrubs Accessories Force Gear Kids Footwear Learn Brands Our Purpose See Our Purpose Performance Technologies Rugged Flex Super Dux Force Yukon Extremes Storm Defender Rain Defender Order Lookup Find a Retailer Live Chat Carhartt Reworked Carhartt for Business EARN $5 FOR EVERY $100 SPENT WITH OUR LOYALTY PROGRAM. JOIN NOW > Whether you're shopping by price, person or gear, we've got it all right here. SHOP GIFT GUIDE T-SHIRTS UNDER $25 SWEATSHIRTS UNDER $60 PANTS UNDER $60 BEANIES UNDER $25 Men Women Kids OUTERWEAR GIFT GUIDES Your browser does not support HTML5 video. Your browser does not support HTML5 video. THE MOST GIVING OF JACKETS Keep them warm, protected, and happy all winter long. SHOP JACKETS STYLE # 104050 LOOSE FIT WASHED DUCK INSULATED ACTIVE JAC $119.99 \u2013 $129.99 STYLE # 105474 MONTANA LOOSE FIT INSULATED JACKET $149.99 \u2013 $164.99 STYLE # 106006 SUPER DUX\u00ae FULL SWING\u00ae RELAXED FIT INSULATED JACKET $169.99 \u2010 $189.99 STYLE # 105457 WOMEN'S MONTANA RELAXED FIT INSULATED JACKET $149.99 MAKING GREAT GIFT IDEAS SINCE 1889 It\u2019s a holiday tradition over 130 years old, with something for everyone on your list. SHOP HOLIDAY COLLECTION FIND THE BEANIE THAT WORKS FOR YOU Style Built For Featured Cuffed Traditional Face Covering Men Women Kids New Best Sellers Utility CUSTOM GIFTS DESIGNED BY YOU, BUILT BY CARHARTT. Santa\u2019s not the only one with a workshop. We\u2019ll help you create the perfect, custom gift. GET STARTED Sign Up for Exclusive News & Offers Submit (opens in a new tab)(opens in a new tab)(opens in a new tab)(opens in a new tab)(opens in a new tab)(opens in a new tab) ABOUT Career Opportunities (opens in a new tab) Carhartt Newsroom (opens in a new tab) Corporate Responsibility (opens in a new tab) Commitment & Repair (opens in a new tab) About Carhartt (opens in a new tab) Affiliate Program (opens in a new tab) Product Recall Notification (opens in a new tab) HELP 1 (800) 833-3118 (opens in a new tab) Contact Us (opens in a new tab) Our Loyalty Program (opens in a new tab) Discount Program (opens in a new tab) Check Gift Card Balance (opens in a new tab) Gift Cards (opens in a new tab) FAQs (opens in a new tab) SHOP Shipping & Return Policy (opens in a new tab) Terms & Conditions (opens in a new tab) Product Care (opens in a new tab) Find a Carhartt Store (opens in a new tab) Offers & Deals (opens in a new tab) Men's Size and Fit Guide (opens in a new tab) Women's Size and Fit Guide (opens in a new tab) GLOBAL BRANDS Carhartt Company Gear (opens in a new tab) Carhartt Reworked (opens in a new tab) Work in Progress (opens in a new tab) Uniform Rental (opens in a new tab) Site Map Privacy Policy Accessibility Statement Aviso De Privacidad - Mexico Carhartt Privacy Request Copyright \u00a9 2023 Carhartt, Inc. All Rights Reserved.""}"
highsierra.com,"{""seo_description"": ""Not found"", ""about"": ""Not found"", ""news"": ""Not found"", ""content"": ""Not found""}"
targus.com,"{""seo_description"": ""Leading Provider of Cases and Accessories for Tablets Laptops and Smartphones.  With accessories and cases that promote Protection, Ergonomics, Security, Cooling and Universal Power Solutions, Targus makes your mobile life easy."", ""about"": ""Not found"", ""news"": ""Not found"", ""content"": ""Targus Choose Your Country or Region. Americas United States Canada M\u00e9xico Brasil Europe, Middle East, and Africa United Kingdom Espa\u00f1a Deutschland France South Africa Asia Pacific Australia & New Zealand \u4e2d\u56fd Hong Kong India Indonesia \u65e5\u672c \ub300\ud55c\ubbfc\uad6d Malaysia Singapore \u53f0\u7063 Copyright \u00a9 Targus. All Rights Reserved.""}"
champion.com,
loungefly.com,
puma.com,
eddiebauer.com,
oakley.com,
lenovo.com,
originalsprout.com,
rocskincare.com,
creativebabyinc.com,
burtsbees.com,
vanicream.com,
homedics.com,
dukal.com,
essentialoxygen.com,
babyganics.com,
bactrack.com,
3m.com,
honest.com,
dynarex.com,
jonard.com,
zeiss.com,
crafterscompanion.com,
democracyclothing.com,
pirelli.com,
aqualeisure.com,
kendatire.com,
warners.com,
vanityfair.com,
bestform.com,
smartandsexy.com,
wearpact.com,
cosabella.com,
glamorise.com,
lemystere.com,
wacoal-america.com,
lionbrand.com,
nydj.com,
aloyoga.com,
cbjewelryfaith.com,
betseyjohnson.com,
1928.com,
dynacraftwheels.com,
npwgroup.com,
royalbabyglobal.com,
greengurugear.com,
stupellind.com,
polarbottle.com,
learningresources.com,
bikepakmart.com,
sunnyhealthfitness.com,
mindreaderproducts.com,
spectrumdiversified.com,
starbucks.com,
whitemountainshoes.com,
koolmore.com,
tarhongusa.com,
ozeri.com,
dialsoap.com,
goodbanana.com,
intuit.com,
razer.com,
steelseries.com,
turtlebeach.com,
corsair.com,
store.haloheadband.com,
renfro.com,
legavenue.com,
ergodyne.com,
babybrezza.com,
biobagusa.com,
us.wahl.com,
unitedsolutions.net,
baby-banana.com,
ekusa.com,
thelotioncompany.com,
ranpak.com,
preserve.eco,
showagroup.com,
billyjealousy.com,
perfectstix.com,
taylorusa.com,
flitz.com,
imusausa.com,
kidkusion.com,
swaddledesigns.com,
moen.com,
southwire.com,
hitlights.com,
leviton.com,
niteize.com,
merilogy.com,
weilerabrasives.com,
velcro.com,
wellslamont.com,
channellock.com,
centurydrill.com,
halderusa.com,
craftsman.com,
drainweasel.com,
oberoncompany.com,
surebonder.com,
ivyclassic.com,
lincolnelectric.com,
marshalltown.com,
melitta.com,
tempaper.com,
gersonco.com,
kraususa.com,
phoenixusa.com,
ban.do,
resqme.com,
cruiserframes.com,
causa.com,
hickitchen.com,
wirthco.com,
neutrogena.com,
cerave.com,
therabreath.com,
colorwowhair.com,
arvazallia.com,
tomsofmaine.com,
colgate.com,
elfbeauty.com,
grandecosmetics.com,
olaplex.com,
cetaphil.com,
revlon.com,
http:,
ralphlauren.com,
dell.com,
diversey.com,
mouthwatchers.com,
backhometherapy.com,
zildjian.com,
panyard.com,
daddario.com,
jimdunlop.com,
froggtoggs.com,
seattlesportsco.com,
cletoreyesboxing.com,
teamgolfusa.com,
bosu.com,
muscleaidtape.com,
tyr.com,
garmin.com,
unitedsci.com,
nestscientificusa.com,
sunburstsystems.com,
nahanco.com,
us.bic.com,
swann.com,
sharpie.com,
ricoinc.com,
bostitchoffice.com,
kjmagnetics.com,
tops-products.com,
zappos.com,
utopiadeals.com,
displays2go.com,
azardisplays.com,
lookourway.com,
arrowfastener.com,
scosche.com,
wix.com,
chemicalguys.com,
camco.net,
iottie.com,
sogknives.com,
bosch.com,
marsauto.com,
escortradar.com,
holley.com,
poly.com,
metabo-hpt.com,
traeger.com,
performancetool.com,
dormanproducts.com,
samsonite.com,
denso.com,
briggsandstratton.com,
dynamat.com,
bendix.com,
kyb.com,
arkon.com,
strombergcarlson.com,
zwipe.com,
thetford.com,
pyleusa.com,
honeycando.com,
nilight.com,
cobra.com,
belkin.com,
warn.com,
schumacherelectric.com,
akebonobrakes.com,
renogy.com,
weboost.com,
underarmour.com,
vineyardvines.com,
tom.my,
gap.com,
maidenform.com,
nicandzoe.com,
enzacosta.com,
astrthelabel.com,
prana.com,
rebeccataylor.com,
bose.com,
soundcore.com,
jlab.com,
logitech.com,
philips.com,
koss.com,
bang-olufsen.com,
shure.com,
maxell-usa.com,
sennheiser.com,
panasonic.com,
denon.com,
astrogaming.com,
dickies.com,
everest.com,
skechers.com,
newbalance.com,
sperry.com,
shoesforcrews.com,
colehaan.com,
seavees.com,
crocs.com,
lugz.com,
reebok.com,
capezio.com,
easyspirit.com,
toms.com,
stevemadden.com,
ariat.com,
honeywell.com,
arcticairco.com,
evapolar.com,
whynter.com,
cuisinart.com,
cooluli.com,
rca.com,
hamiltonbeach.com,
kenmore.com,
koolatron.com,
armandhammer.com,
newair.com,
braun.com,
earthsense.co,
elegantcomfort.com,
alufplastics.com,
royalelinens.com,
healthsmart.com,
aboutface.com,
mariobadescu.com,
angelsoft.com,
playtexbaby.com,
bio-oil.com,
takeyausa.com,
bounty.com,
sweethomecollection.com,
tp-link.com,
sengled.com,
meross.com,
lifx.com,
safcoproducts.com,
ettore.com,
hearthandharbor.com,
nutrichefkitchen.com,
flawlessbeauty.com,
fruit.com,
gildan.com,
hanes.com,
buffalojeans.com,
hugoboss.com,
lacoste.com,
perryellis.com,
robertgraham.us,
johnvarvatos.com,
cutterbuck.com,
babytrend.com,
deltachildren.com,
melissaanddoug.com,
burtsbeesbaby.com,
babydeedee.com,
samsung.com,
otterbox.com,
speckproducts.com,
tech21.com,
verabradley.com,
i-blason.com,
smartish.com,
case-mate.com,
zagg.com,
popsockets.com,
motorola.com,
tingleyrubber.com,
blowfishshoe.com,
keenfootwear.com,
merrell.com,
kodiakcakes.com,
chefworks.com,
bogsfootwear.com,
clarksusa.com,
arenasport.com,
headsweats.com,
flexfit.com,
hurley.com,
quiksilver.com,
wrangler.com,
wilson.com,
asticorp.com,
legendarywhitetails.com,
exofficio.com,
childrensplace.com,
lifeisgood.com,
balega.com,
vertx.com,
sundayafternoons.com,
tilley.com,
frenchtoast.com,
pgatoursuperstore.com,
arctix.com,
g-star.com,
ymijeans.com,
russellathletic.com,
soffe.com,
venum.com,
carvedesigns.com,
irisusainc.com,
planetbike.com,
magpul.com,
maaji.co,
skullcandy.com,
apple.com,
sony.com,
ti.com,
jabra.com,
asus.com,
tribit.com,
akg.com,
bowerswilkins.com,
sakar.com,
fjwestcott.com,
twelvesouth.com,
masterlock.com,
sentrysafe.com,
singingmachine.com,
presonus.com,
meeaudio.com,
realm.io,
blueparrott.com,
randmcnally.com,
plantronics.com,
aiwa.co,
redkap.com,
jockey.com,
volcom.com,
kryptek.com,
dbelectrical.com,
marshall.com,
ttq.net.au,
wyze.com,
apronsandsmocks.com,
gillettevenus.com,
bydash.com,
naturesway.com,
boots.com,
redbull.com,
pharmacalway.com,
ogxbeauty.com,
natrol.com,
wetnwildbeauty.com,
bona.com,
papermate.com,
bodyglide.com,
questnutrition.com,
conveniencekits.com,
fijiwater.com,
oldwisconsin.com,
blistex.com,
summerseve.com,
evolutionofsmooth.com,
germx.com,
hefty.com,
stanley1913.com,
bellahousewares.com,
pourri.com,
shop.mattel.com,
gillette.com,
harrys.com,
ambi.com,
hersheyland.com,
vagisil.com,
orgain.com,
seventhgeneration.com,
traditionalmedicinals.com,
er Tea Promotes healthy digestion Our Lemon Ginger tea promotes healthy digestion.* It has been beloved by generations of herbalists for its soothing digestive properties and comforting taste. Starting at $5.99 ADD TO CART EXPLORE THE BENEFITS SHOP NOW Turmeric with Meadowsweet & Ginger Tea Supports a healthy response to inflammation Warming and earthy with a hint of spice,
pacificabeauty.com,
shop.hersheys.com,
glade.com,
biore.com,
lysol.com,
summitbrands.com,
amazfit.com,
reach.sh,
familyguardusa.com,
band-aid.com,
cleanandclear.com,
ghomesmart.com,
clrbrands.com,
adidas.com,
keurig.com,
scjohnson.com,
olly.com,
dudeproducts.com,
saucony.com,
duracell.com,
tndickinsons.com,
waterwipes.com,
swiffer.com,
drinkbodyarmor.com,
firstaidonly.com,
goop.com,
oralb.com,
crest.com,
tcsjerky.com,
teeturtle.com,
danskin.com,
wellpeople.com,
boxpartners.com,
gatco-inc.com,
netgear.com,
nononsense.com,
glasslockusa.com,
reynoldsconsumerproducts.com,
trend-lab.com,
lushdecor.com,
cisco.com,
restaurantware.com,
nvidia.com,
marvel.com,
gbc.com,
acer.com,
anzousa.com,
hasbro.com,
google.com,
daystarweb.com,
hotwheels.com,
motortrend.com,
buyersproducts.com,
delkin.com,
rhinorack.com,
cipausa.com,
taylormadeproducts.com,
mrchain.com,
trimaxlocks.com,
moog.com,
energizerholdings.com,
nylabone.com,
petmate.com,
dowco-inc.com,
smartstraps.com,
brocksupply.com,
flametechnologies.com,
kleintools.com,
sktools.com,
justrite.com,
sena.com,
regencywraps.com,
alpharexusa.com,
newvintageusallc.mybigcommerce.com,
ngksparkplugs.com,
dnamotoring.com,
lasallebristol.com,
benebone.com,
usapan.com,
guardiantechnologies.com,
galanz.com,
tcl.com,
https:,
nivea.com,
anker.com,
https:,
https:,
https:,
https:,
https:,
https:,
https:,
https:,
https:,
https:,
epson.com,
step2.com,
betterbodyfoods.com,
nulo.com,
aurora.co.uk,
poolmaster.com,
global.canon,
ecr4kids.com,
bluebuffalo.com,
monoprice.com,
thinkfun.com,
lego.com,
nesco.com,
mylifetime.com,
masterpiecesinc.com,
travelonbags.com,
supremepetfoods.com,
ooma.com,
serenelifehome.com,
jworldstore.com,
littletikes.com,
gund.com,
walthers.com,
flukerfarms.com,
justplayproducts.com,
osprey.com,
dolesunshine.com,
hp.com,
kingston.com,
wagwalking.com,
instinctpetfood.com,
fila.com,
kidkraft.com,
playosmo.com,
kitchenaid.com,
americangreetings.com,
wholefoodsmarket.com,
powerblock.com,
bowflex.com,
kennethcole.com,
simplemodern.com,
bundlexjoy.com,
yogasleep.com,
mookfabrics.com,
pepperidgefarm.com,
sabrent.com,
ravensburger.com,
telephones.att.com,
drinkhint.com,
kipling-usa.com,
educationalinsights.com,
weruva.com,
bionicbody.com,
prosourcefit.com,
travelpro.com,
communitycoffee.com,
thesak.com,
gaiam.com,
ring.com,
disney.com,
glad.com,
iandloveandyou.com,
cricut.com,
annamaet.com,
oxo.com,
lodgecastiron.com,
yes4all.com,
westerndigital.com,
travelersclub.com,
rockland.com,
frenchbull.com,
intheraw.com,
pny.com,
easternjunglegym.com,
sheba.xyz,
locknlock.com,
kavu.com,
kaytee.com,
ziwipets.com,
rubbermaid.com,
acana.com,
jacklinks.com,
premierprotein.com,
welchs.com,
thule.com,
skiphop.com,
happyfamilyorganics.com,
medela.us,
bobgear.com,
us.nuby.com,
peterrabbitorganics.pumpkintreesnacks.com,
mamabearlegalforms.com,
greensprouts.com,
kids2.com,
bellatunno.com,
dove.com,
sproutsocial.com,
kids2.com,
plumorganics.com,
gerber.com,
nestleusa.com,
farberwarecookware.com,
swissarabian.com,
d,
zumba.com,
tac-force.com,
taratoy.com,
therugshop.com,
secret.com,
rainbowloom.com,
shorelinemarine.com,
rvca.com,
swimways.com,
ritzcarlton.com,
moroccanoil.com,
seachem.com,
ruskhair.com,
scepter.com,
mybillie.com,
shoutfactory.com,
acure.com,
gogosqueez.com,
wholefoodsmarket.co,
sevilleclassics.com,
stohlquist.com,
sklhome.com,
ringside.com,
aquaphorus.com,
serta.com,
specialk.com,
sauder.com,
sea-band.com,
rightlinegear.com,
solgar.com,
sixstarpro.com,
stellaandchewys.com,
Sonicare.com,
nutrish.com,
sentry.io,
rawlings.com,
casper.com,
proactiv.com,
qunol.com,
ecotools.com,
bwxltd.com,
wetbrush.com,
schick.com,
hello.com,
spalding.com,
royalcanin.com,
thamesandkosmos.com,
radiancetech.com,
shanycosmetics.com,
imusausa.com,
squattypotty.com,
essentialmedicalsupply.com,
landolakesinc.com,
blinkforhome.com,
johnritz.com,
kingstonbrass.com,
on Brass Heritage KB1970AX Two-Handle 3-Hole Deck Mount Widespread Bathroom Faucet with Brass Pop-Up,
nuloom.com,
freeman.com,
stasherbag.com,
westbrass.com,
itouchless.com,
wipesplus.com,
himalayausa.com,
idesignlivesimply.com,
maytexcorp.com,
pfisterfaucets.com,
cathayhome.com,
stansport.com,
https:,
https:,
https:,
beatsbydre.com,
https:,
imusausa.com,
https:,
https:,
lumifydrops.com,
https:,
https:,
https:,
https:,
https:,
https:,
https:,
https:,
https:,
kasasmart.com,
https:,
mccormick.com,
https:,
https:,
http:,
https:,
etekcity.com,
https:,
https:,
https:,
https:,
https:,
https:,
https:,
instanthome.com,
softsoap.com,
https:,
placker.com,
michaelkors.com,
invictawatch.com,
guesswatches.com,
fossil.com,
usweight.com,
waterpik.com,
hearthsong.com,
zmanfishing.com,
wakacoffee.com,
vince.com,
duckyworld.com,
yankeecandle.com,
theclassiccuisine.com,
coolasuncare.com,
unitehair.com,
wakemanoutdoors.com,
wellnesspetfood.com,
whitmor.com,
downrightltd.com,
fintie.com,
woodwick.yankeecandle.com,
trinaturk.com,
showmeyourmumu.com,
infantino.com,
https:,
https:,
https:,
bemismfg.com,
johnsonsbaby.com,
hover-1.com,
bestop.com,
gotrax.com,
dollarshaveclub.com,
threebythree.com,
josephjoseph.com,
igkhair.com,
jnj.com,
globe-electric.com,
fellowes.com,
unilever.com,
casio.com,
cardinalhealth.com,
crownlaboratories.com,
royalsovereign.com,
babobotanicals.com,
youcopia.com,
misshaus.com,
trodatusa.com,
iglonline.net,
madesmart.com,
ahava.com,
oneloveorganics.com,
micromark.com,
sceptre.com,
meguiars.com,
frida.com,
invoxia.com,
zevia.com,
ironman.com,
aopen.com,
sfbaycoffee.com,
australiangold.com,
popularbath.com,
lauraashleyusa.com,
smartypantsvitamins.com,
jlobeauty.com,
seachoice.com,
wtb.com,
prepara.com,
sundora.com,
r1concepts.com,
en-us.sennheiser.com,
maximausa.com,
mastercraft.com,
sodastream.com,
timhortons.co.uk,
lorealparisusa.com,
dior.com,
clairol.com,
finishline.com,
cascade.co.uk,
rockstarenergy.com,
gatorade.com,
edelmann-group.com,
elrene.com,
muellersportsmed.com,
aoc.com,
strombergbrand.com,
horizongroupusa.com,
illy.com,
nexentireusa.com,
drinkwaterloo.com,
hankooktire.com,
dolcegabbana.com,
propelwater.com,
en.pebeo.com,
thermaltake.com,
coolermaster.com,
seymourpaint.com,
armoredautogroup.com,
lg.com,
keepersecurity.com,
duromaxpower.com,
pilotautomotive.com,
shellrummel.com,
castrol.com,
kingartco.com,
wella.com,
remingtonproducts.com,
coopertire.com,
westinghouseoutdoorpower.com,
talkworks.dpt.nhs.uk,
covercraft.com,
coach.com,
naturesmiracle.com,
toshibagcs.com,
wenproducts.com,
icelandicglacial.com,
deezee.com,
concept1.com,
mehron.com,
falkentire.com,
opi.com,
primamarketinginc.com,
croma.com,
ontel.co.uk,
vizio.com,
goody.com,
garlandrug.com,
fever-tree.com,
behringer.com,
uk.hape.com,
catholic.christianbrands.com,
brabantia.com,
calvinklein.com,
pulsar-products.com,
plaid.com,
oxfordbabyandkids.com,
storkcraft.com,
purina.com,
bridgecraftusa.com,
segway.com,
fisherpricetoystore.com,
bumkins.com,
kids2.com,
shop.hasbro.com,
kensie.com,
vibe.us,
crane-baby.com,
niterider.com,
"y View / Download Pro 1800 Race User Guide Reviews Customer Reviews Based on 1 review Write a review \""""Close (esc)\"""" Close (esc) Close (esc) Close (esc) Close (esc) Close (esc) Close (esc) Close (esc) Close (esc) Pro 2200 Race (4 Cell) Front Bike Light 6807 Regular price $374.99 Sale price $249.99 / 13 in stock With a 2200 lumen output",
verawang.com,
skyrocketon.com,
manhattantoy.com,
vtechkids.com,
wowwee.com,
ray-ban.com,
charmin.com,
mulchinstalled.com,
emilehenry.com,
littlekidsinc.com,
presto.com,
all-laundry.com,
methodproducts.com,
paviliongift.com,
oreck.com,
kraftwarecorp.com,
spraynine.com,
silver-buffalo.com,
progressive.international,
nostalgiaproducts.com,
creativeconverting.com,
tribest.com,
squatz.com,
householdessential.com,
johnboos.com,
gibsonhomewares.com,
swell.com,
wincofoods.com,
4moms.com,
decopac.com,
essentiawater.com,
settonfarms.com,
rustoleum.com,
puerto-rico.clorox.com,
seifurniture.com,
kraftheinzcompany.com,
mrclean.comen-us,
primitivesbykathy.com,
luigibormioliusa.com,
rubbermaidcommercial.com,
tervist.com,
poourri.com,
posterazzi.com,
theatlantic.comworld,
shop.decoart.com,
dbest-products.com,
sterilite.com,
mccrmick.com,
tinboxco.com,
shop.nationaltree.com,
us.foursigmatic.com,
babyjogger.com,
zojirushi.com,
itoen.com,
thefaceshop.com.my,
novadevelopment.com,
squared.com,
windmillvitamins.com,
cardsagainsthumanity.com,
forpro.pl,
viewsonic.com,
mykitsch.com,
loreal.com,
cdmerch.com,
kanusurf.com,
olay.com,
feedbacksports.com,
markwinsbeauty.com,
galderma.com,
mcafee.com,
chiccousa.com,
camelbak.com,
suunto.com,
cakebeauty.com,
eau-thermale-avene.com,
waybasics.com,
viva.com,
august.com,
webroot.com,
gopro.com,
grannyjoproducts.com,
travelerchoice.com,
purcosmetics.com,
konami.com,
ppibeauty.com,
timberland.com,
optomausa.com,
kao.com,
perriconemd.com,
kristinesshair.com,
aesthetica.me,
firstaidbeauty.com,
cosrx.com,
ninjakitchen.com,
oarsandalps.com,
dermae.com,
elemis.com,
airthings.com,
nisamerica.com,
kissusa.com,
powerbuilt.com,
weleda.com,
edgewell.com,
betteroffice.com,
adobe.com,
ute.com,
crayola.com,
generaltools.com,
pmdbeauty.com,
victrola.com,
mineralfusion.com,
numark.com,
meaningfulbeauty.com,
ponds.com,
sundayriley.com,
physiciansformula.com,
ecobee.com,
thebodyshop.com,
coscoproducts.com,
verbatim.com,
nyxcosmetics.com,
leesa.com,
bontool.com,
eastman.com,
uboxes.com,
makitatools.com,
penn-plax.com,
curtmfg.com,
ndspro.com,
kutol.com,
